model,mae,rmse,r2
svm,6.556101691051815,11.083868852024768,0.7492666551155586
elasticnet,6.815299588386668,11.140557089915422,0.7466942246270651
lgbm,7.767965417560552,12.189886353275782,0.6971529616248068
random_forest,7.964017357222843,12.194518863720099,0.6962021201758318
xgb,8.627582931518555,13.315862411892853,0.6375606775283813
