model,mae,rmse,r2
svm,6.548930366134189,11.075849729758007,0.7496200631691741
elasticnet,6.8172315587004295,11.14460916357333,0.7464998296493475
lgbm,7.880859986054988,12.383594530999808,0.6881970260521653
random_forest,7.958136910732196,12.19266603001875,0.6962888093867654
xgb,8.410480976104736,13.092514904830283,0.6504823923110962
