model,mae,rmse,r2
svm,6.555660362932578,11.079068342502488,0.7495160003061434
elasticnet,6.816580005882476,11.143921428480995,0.7465322391549202
lgbm,7.521327929816744,11.989178446447772,0.7072402414689177
random_forest,7.95990899824788,12.230628651898279,0.6942701948874854
xgb,8.220183181762696,12.738030413813675,0.6696155071258545
